Date,Close,High,Low,Open,Volume
,BBCA.JK,BBCA.JK,BBCA.JK,BBCA.JK,BBCA.JK
2022-10-17,7516.60107421875,7562.156232244318,7448.268337180398,7516.60107421875,56387500
2022-10-18,7562.15625,7721.599303463856,7516.60109186747,7539.3786709337355,85665300
2022-10-19,7539.37841796875,7607.711152874811,7493.82326136471,7516.600839666729,66753500
2022-10-20,7744.37744140625,7744.37744140625,7516.601634306066,7516.601634306066,91812300
2022-10-21,7881.04296875,7949.375711253613,7698.822322073699,7698.822322073699,122777800
2022-10-24,8108.818359375,8108.818359375,7949.37530174684,7972.152881408006,89416500
2022-10-25,7926.59814453125,8086.041210656878,7926.59814453125,8040.486048906699,84696300
2022-10-26,7789.93212890625,7881.042446203399,7789.93212890625,7858.264866879112,98962100
2022-10-27,7926.59814453125,7926.59814453125,7789.932659280711,7789.932659280711,77003400
2022-10-28,7972.1533203125,7972.1533203125,7881.042996651786,7881.042996651786,84980600
2022-10-31,8017.708984375,8063.2641490589485,7994.931402033026,8063.2641490589485,138922800
2022-11-01,8017.708984375,8199.929643110796,7949.376237349076,8199.929643110796,118118400
2022-11-02,7972.1533203125,8040.486063058036,7949.375739397322,8017.708482142857,68323600
2022-11-03,8017.708984375,8040.486566716974,7926.598655007102,7926.598655007102,81856300
2022-11-04,7994.93017578125,8017.70775462963,7903.819860387731,7994.93017578125,84458300
2022-11-07,8063.263671875,8063.263671875,7903.82060491702,7949.375766905015,94794000
2022-11-08,7972.1533203125,8086.041224888393,7949.375739397322,8063.263643973214,42525500
2022-11-09,8086.04052734375,8086.04052734375,7903.819895741638,7903.819895741638,96599500
2022-11-10,8017.708984375,8017.708984375,7949.376237349076,7949.376237349076,89463000
2022-11-11,8063.263671875,8131.596414856992,8040.486090881003,8108.818833862994,59597900
2022-11-14,7972.1533203125,8108.818805803571,7972.1533203125,8086.041224888393,49208200
2022-11-15,8017.708984375,8063.2641490589485,7972.153819691051,7994.931402033026,59092900
2022-11-16,7835.48828125,7903.821027888808,7789.933116824128,7858.265863462936,143424800
2022-11-17,7949.37548828125,8040.485809063844,7835.487587303009,7858.265167498657,72679800
2022-11-18,8040.48681640625,8108.819565554179,7949.376484209012,7949.376484209012,83556900
2022-11-21,7949.37548828125,8108.818549650788,7949.37548828125,8086.04096945514,35901000
2022-11-22,8108.818359375,8154.373518697332,8063.263200052669,8108.818359375,84684200
2022-11-23,8086.04052734375,8177.1508431448065,8086.04052734375,8108.818106294014,84642100
2022-11-24,8199.927734375,8199.927734375,8154.3725802951385,8177.150157335069,53520800
2022-11-25,8177.15185546875,8199.929437238858,8108.819110158426,8199.929437238858,75048300
2022-11-28,8222.7080078125,8291.040761340028,8177.152838794148,8245.485592321676,96209700
2022-11-29,8177.15185546875,8268.262182549182,8131.596691928534,8177.15185546875,91562100
2022-11-30,8473.2587890625,8564.369098622312,8063.262396043347,8086.0399734333,644359600
2022-12-01,8199.927734375,8518.813812934028,8199.927734375,8450.481081814236,155775400
2022-12-02,8140.4755859375,8209.075099302141,8140.4755859375,8140.4755859375,130982100
2022-12-05,8026.1435546875,8140.476083956553,8026.1435546875,8049.010060541311,114656300
2022-12-06,7934.67626953125,8003.275776184258,7843.210260660572,7980.409273966588,180553800
2022-12-07,7728.87890625,7843.211434448965,7728.87890625,7774.611917529586,229308700
2022-12-08,7774.6123046875,7843.211825022978,7637.4132640165435,7660.279770795037,172590100
2022-12-09,7843.2109375,7866.077441690963,7728.87841654519,7774.611424927114,90851300
2022-12-12,7957.54443359375,7957.54443359375,7751.745870655981,7797.478884642152,102851800
2022-12-13,7957.54443359375,7957.54443359375,7820.345391635237,7888.944912614494,104580200
2022-12-14,7888.9453125,7957.544836956522,7797.479279891305,7866.078804347827,118164300
2022-12-15,7774.6123046875,7866.07833180147,7774.612304687499,7843.211825022978,113255700
2022-12-16,7866.078125,7911.811137354652,7683.146075581396,7706.012581758721,181516700
2022-12-19,7911.81103515625,7957.5440469201585,7866.078023392341,7911.81103515625,67482900
2022-12-20,7843.2109375,7911.810450072887,7820.344433309038,7820.344433309038,41243700
2022-12-21,7934.67626953125,7957.542771748919,7843.210260660572,7866.076762878241,33617700
2022-12-22,7843.2109375,7934.6769542638485,7843.2109375,7911.810450072887,59591500
2022-12-23,7774.6123046875,7843.211825022978,7774.612304687499,7797.478811465992,47393000
2022-12-26,7843.2109375,7888.943945881924,7774.611424927114,7774.611424927114,20495900
2022-12-27,7866.078125,7911.811137354652,7843.211618822675,7866.078125,27193800
2022-12-28,7911.81103515625,7911.81103515625,7820.345011628432,7911.81103515625,40420200
2022-12-29,7843.2109375,7866.077441690963,7774.611424927114,7797.477929118077,47020900
2022-12-30,7820.34423828125,7911.810252764071,7820.34423828125,7843.210741901955,44681400
2023-01-02,7820.34423828125,7866.077245522661,7774.6112310398385,7843.210741901955,10653900
2023-01-03,7820.34423828125,7866.077245522661,7797.477734660544,7820.34423828125,27399100
2023-01-04,7637.41259765625,7843.211140706868,7637.412597656251,7797.478131140064,90918800
2023-01-05,7545.94677734375,7660.279304273201,7454.480755800189,7637.412798887311,128838500
2023-01-06,7591.6796875,7614.546192582831,7408.74764683735,7408.74764683735,69286600
2023-01-09,7728.87890625,7728.87890625,7614.546378051035,7614.546378051035,86916900
2023-01-10,7477.34765625,7706.012722190368,7454.481149655963,7683.146215596331,101759100
2023-01-11,7431.61376953125,7454.4802734375,7317.28125,7363.0142578125,96069100
2023-01-12,7477.34765625,7568.813682626147,7431.6146430619265,7454.481149655963,103804600
2023-01-13,7363.01513671875,7477.347669897613,7340.148630082977,7454.48116326184,119748200
2023-01-16,7454.48046875,7500.213477760736,7363.014450728528,7363.014450728528,105710700
2023-01-17,7614.54638671875,7660.279398050395,7454.480847057996,7477.347352723818,88695900
2023-01-18,7591.6796875,7614.546192582831,7477.347162085844,7500.213667168675,96814600
2023-01-19,7614.54638671875,7637.412892384573,7545.946869721284,7637.412892384573,66391800
2023-01-20,7591.6796875,7614.546192582831,7545.946677334337,7568.813182417169,96859500
2023-01-24,7523.08056640625,7637.4130978106,7523.08056640625,7591.68008524886,42474500
2023-01-25,7500.21435546875,7591.680384193978,7500.21435546875,7591.680384193978,66124500
2023-01-26,7751.74560546875,7751.74560546875,7523.080543360527,7523.080543360527,77582300
2023-01-27,7957.54443359375,8094.743475552264,7820.345391635237,7957.54443359375,196804700
2023-01-30,7957.54443359375,8026.143954573006,7843.211898628323,7980.410940586836,68544300
2023-01-31,7751.74560546875,7934.6776551553285,7751.74560546875,7888.944642733683,200589000
2023-02-01,7774.6123046875,7843.211825022978,7728.8792911305145,7843.211825022978,77396200
2023-02-02,7728.87890625,7797.478423169379,7683.145894970415,7706.012400610207,99109500
2023-02-03,7957.54443359375,7957.54443359375,7774.612377649067,7820.345391635237,71716700
2023-02-06,7980.41015625,8003.2766609957025,7911.810642012894,8003.2766609957025,117757700
2023-02-07,8094.74365234375,8094.74365234375,8003.277622373764,8026.14412986626,116014700
2023-02-08,8071.876953125,8094.743460074363,8049.010446175637,8071.876953125,54495500
2023-02-09,8140.4755859375,8140.4755859375,8049.009568117977,8071.876072572858,72381700
2023-02-10,8071.876953125,8140.476473973087,7957.5444183781865,8117.609967023725,62060900
2023-02-13,8117.60888671875,8140.475390625,8026.14287109375,8117.60888671875,63775000
2023-02-14,8186.208984375,8186.208984375,8071.876456660265,8094.742962203212,81678200
2023-02-15,8117.60888671875,8140.475390625,8003.2763671875,8117.60888671875,38037000
2023-02-16,7957.54443359375,8094.743475552264,7957.54443359375,8071.876968559178,66040400
2023-02-17,7980.41015625,8094.742679978511,7980.410156250001,8026.143165741404,43588900
2023-02-20,8003.27734375,8071.876863839286,7957.544330357143,7980.410837053571,40077000
2023-02-21,7957.54443359375,8049.010461566092,7957.54443359375,8026.143954573006,25390500
2023-02-22,7934.67626953125,8003.275776184258,7888.943265095911,7957.542771748919,38671900
2023-02-23,7980.41015625,8003.2766609957025,7888.944137267193,7888.944137267193,53412300
2023-02-24,7934.67626953125,8094.741785054935,7934.67626953125,8026.142278401927,44123400
2023-02-27,8026.1435546875,8026.1435546875,7911.811025418448,7934.677531272258,59983900
2023-02-28,8003.27734375,8026.143850446429,7934.677823660714,8026.143850446429,106349400
2023-03-01,7866.078125,8003.277162063954,7866.078125,7980.410655886628,67034700
2023-03-02,7888.9453125,7957.544836956522,7866.078804347827,7866.078804347827,56672000
2023-03-03,7751.74560546875,7934.6776551553285,7751.74560546875,7911.8111489445055,95376900
2023-03-06,7683.14599609375,7820.345031738281,7683.14599609375,7820.345031738281,92652000
2023-03-07,7706.0126953125,7751.745708341061,7637.413175769659,7637.413175769659,106115600
2023-03-08,7843.2109375,7843.2109375,7683.1454081632655,7683.1454081632655,79350900
2023-03-09,7843.2109375,7911.810450072887,7820.344433309038,7911.810450072887,54201400
2023-03-10,7728.87890625,7820.3449288091715,7728.87890625,7774.611917529586,59580100
2023-03-13,7820.34423828125,7888.9437491433655,7728.878223798428,7728.878223798428,82077700
2023-03-14,7614.54638671875,7751.7454207136825,7614.54638671875,7706.012409382039,90495300
2023-03-15,7614.54638671875,7751.7454207136825,7614.54638671875,7728.878915047861,86747400
2023-03-16,7591.6796875,7637.412697665663,7545.946677334337,7591.6796875,105894000
2023-03-17,7660.2802734375,7728.8797982742535,7614.547256879664,7660.2802734375,198558600
2023-03-20,7683.14599609375,7751.745513916016,7660.279490152995,7683.14599609375,37277900
2023-03-21,7774.6123046875,7774.612304687499,7660.279770795037,7683.146277573529,91617400
2023-03-24,8071.876953125,8071.876953125,7888.944897530099,7957.5444183781865,145603600
2023-03-27,7957.54443359375,8071.876968559178,7957.54443359375,8071.876968559178,110692800
2023-03-28,7934.67626953125,8049.008780619596,7934.67626953125,8049.008780619596,98296600
2023-03-29,8209.896484375,8209.896484375,8046.631497469815,8093.278636585582,101068200
2023-03-30,8233.2197265625,8303.190432453966,8209.896157932011,8303.190432453966,118912100
2023-03-31,8163.248046875,8256.542310267858,8139.924481026786,8233.218744419642,97146900
2023-04-03,8209.896484375,8233.220053932884,8163.2493452592325,8233.220053932884,60288900
2023-04-04,8186.57177734375,8233.218909978188,8069.953945757657,8233.218909978188,60975800
2023-04-05,8139.923828125,8209.894520057307,8139.923828125,8186.5709560798705,36922100
2023-04-06,8163.248046875,8186.5716127232145,8116.600915178572,8116.600915178572,45489400
2023-04-10,8209.896484375,8209.896484375,8116.602206143466,8139.925775701349,32996000
2023-04-11,8233.2197265625,8233.2197265625,8163.2490206710345,8233.2197265625,44554300
2023-04-12,8303.189453125,8303.189453125,8233.218755486307,8303.189453125,91903600
2023-04-13,8326.5126953125,8349.836260285365,8279.865565366772,8349.836260285365,51726500
2023-04-14,8396.4833984375,8396.4833984375,8349.83626844618,8396.4833984375,110354200
2023-04-17,8419.80859375,8443.132163261773,8303.190746191136,8419.80859375,83946900
2023-04-18,8513.1015625,8559.748694349315,8419.80729880137,8443.130864726028,91178700
2023-04-26,8583.072265625,8583.072265625,8396.483738111414,8513.101567807405,186928200
2023-04-27,8536.42578125,8559.749348958334,8466.455078125,8489.778645833334,54842400
2023-04-28,8443.130859375,8513.101557104626,8443.130859375,8489.777991194751,145775300
2023-05-02,8443.130859375,8489.777991194751,8303.189463915745,8489.777991194751,83645900
2023-05-03,8326.5126953125,8443.130520176821,8279.865565366772,8443.130520176821,83728800
2023-05-04,8396.4833984375,8419.80696343316,8279.865573459201,8326.512703450522,67565000
2023-05-05,8396.4833984375,8443.13052842882,8349.83626844618,8396.4833984375,64815100
2023-05-08,8396.4833984375,8466.45409342448,8349.83626844618,8396.4833984375,84754500
2023-05-09,8326.5126953125,8373.159825258228,8303.189130339637,8349.836260285365,40929600
2023-05-10,8326.5126953125,8349.836260285365,8303.189130339637,8326.5126953125,45322600
2023-05-11,8233.2197265625,8303.190432453966,8209.896157932011,8303.190432453966,81993900
2023-05-12,8209.896484375,8279.86719304865,8139.925775701349,8163.2493452592325,96525600
2023-05-15,8186.57177734375,8279.866042612624,8139.924644709313,8279.866042612624,64830300
2023-05-16,8116.60107421875,8233.218905744881,8116.60107421875,8209.895339439656,49497000
2023-05-17,8186.57177734375,8256.542476295406,8163.248211026531,8186.57177734375,69996100
2023-05-19,8396.4833984375,8396.4833984375,8233.218443467882,8303.189138454862,123592500
2023-05-22,8396.4833984375,8466.45409342448,8326.512703450522,8396.4833984375,91000000
2023-05-23,8513.1015625,8536.425128424658,8419.80729880137,8443.130864726028,102980500
2023-05-24,8419.80859375,8583.07358033241,8419.80859375,8583.07358033241,77392900
2023-05-25,8443.130859375,8536.425123014502,8443.130859375,8489.777991194751,76325700
2023-05-26,8536.42578125,8583.072916666668,8489.778645833334,8559.749348958334,55675900
2023-05-29,8536.42578125,8629.720052083334,8466.455078125,8629.720052083334,79148200
2023-05-30,8629.720703125,8699.691411528716,8536.426425253378,8583.07356418919,97189500
2023-05-31,8443.130859375,8699.690084383632,8443.130859375,8676.366518473757,722827900
2023-06-05,8583.072265625,8699.690095320992,8489.778001868206,8536.425133746603,163535600
2023-06-06,8536.42578125,8583.072916666668,8443.131510416668,8443.131510416668,74872200
2023-06-07,8489.77734375,8559.748036143545,8466.453779618818,8513.10090788118,87492200
2023-06-08,8513.1015625,8513.1015625,8466.454430650685,8466.454430650685,53188400
2023-06-09,8489.77734375,8559.748036143545,8489.77734375,8559.748036143545,44632400
2023-06-12,8536.42578125,8536.42578125,8489.778645833334,8536.42578125,38082300
2023-06-13,8536.42578125,8559.749348958334,8489.778645833334,8559.749348958334,45552600
2023-06-14,8466.455078125,8513.102213541668,8443.131510416668,8489.778645833334,72223700
2023-06-15,8443.130859375,8489.777991194751,8443.130859375,8489.777991194751,59073000
2023-06-16,8443.130859375,8489.777991194751,8373.160161645374,8489.777991194751,112769400
2023-06-19,8396.4833984375,8443.13052842882,8396.4833984375,8396.4833984375,32330600
2023-06-20,8443.130859375,8443.130859375,8349.836595735496,8419.807293465125,54990100
2023-06-21,8513.1015625,8513.1015625,8396.483732876713,8443.130864726028,42676300
2023-06-22,8443.130859375,8536.425123014502,8443.130859375,8513.101557104626,48291100
2023-06-23,8443.130859375,8536.425123014502,8419.807293465125,8419.807293465125,47813500
2023-06-26,8466.455078125,8513.102213541668,8419.807942708334,8419.807942708334,36389900
2023-06-27,8536.42578125,8536.42578125,8443.131510416668,8443.131510416668,36225100
2023-07-03,8466.455078125,8466.455078125,8419.807942708334,8419.807942708334,108855900
2023-07-04,8443.130859375,8536.425123014502,8443.130859375,8536.425123014502,35049300
2023-07-05,8443.130859375,8466.454425284875,8419.807293465125,8443.130859375,44609200
2023-07-06,8466.455078125,8489.778645833334,8419.807942708334,8443.131510416668,52532400
2023-07-07,8419.80859375,8489.779302285318,8419.80859375,8419.80859375,37641300
2023-07-10,8443.130859375,8489.777991194751,8443.130859375,8489.777991194751,28981500
2023-07-11,8419.80859375,8489.779302285318,8419.80859375,8489.779302285318,43703500
2023-07-12,8559.7490234375,8559.7490234375,8443.131189330721,8466.454756152078,61566500
2023-07-13,8513.1015625,8606.39582619863,8513.1015625,8583.072260273973,65230900
2023-07-14,8583.072265625,8583.072265625,8513.101567807405,8559.748699685802,55554500
2023-07-17,8559.7490234375,8629.719723901566,8559.7490234375,8583.072590258855,62550100
2023-07-18,8536.42578125,8629.720052083334,8489.778645833334,8583.072916666668,52924600
2023-07-20,8536.42578125,8606.396484375,8513.102213541668,8583.072916666668,83476600
2023-07-21,8536.42578125,8559.749348958334,8513.102213541668,8536.42578125,42667800
2023-07-24,8489.77734375,8583.071600274725,8489.77734375,8583.071600274725,62061200
2023-07-25,8536.42578125,8676.3671875,8536.42578125,8559.749348958334,122802700
2023-07-26,8723.013671875,8723.013671875,8513.10157816678,8559.74871010194,113868700
2023-07-27,8606.396484375,8769.661458333334,8606.396484375,8769.661458333334,77848400
2023-07-28,8513.1015625,8606.39582619863,8513.1015625,8583.072260273973,74510200
2023-07-31,8513.1015625,8583.072260273973,8489.777996575343,8559.748694349315,80868000
2023-08-01,8513.1015625,8559.748694349315,8489.777996575343,8559.748694349315,49756400
2023-08-02,8583.072265625,8583.072265625,8513.101567807405,8513.101567807405,60629900
2023-08-03,8629.720703125,8676.36784206081,8536.426425253378,8536.426425253378,64596100
2023-08-04,8536.42578125,8653.043619791668,8513.102213541668,8629.720052083334,52675900
2023-08-07,8653.04296875,8653.04296875,8536.42513898248,8536.42513898248,55589300
2023-08-08,8583.072265625,8676.366529381794,8583.072265625,8653.042963442596,43373400
2023-08-09,8769.66015625,8769.66015625,8629.718770777927,8653.042335023272,77056800
2023-08-10,8769.66015625,8792.983720495346,8723.013027759309,8769.66015625,76738100
2023-08-11,8769.66015625,8816.307284740691,8746.336592004654,8792.983720495346,68898600
2023-08-14,8723.013671875,8723.013671875,8606.3958420371,8699.69010590742,75495400
2023-08-15,8676.3662109375,8746.336906186996,8676.3662109375,8699.689776020665,59303700
2023-08-16,8676.3662109375,8699.689776020665,8629.71908077117,8653.042645854335,53440000
2023-08-18,8629.720703125,8723.014980996622,8629.720703125,8629.720703125,79328900
2023-08-21,8559.7490234375,8629.719723901566,8559.7490234375,8606.396157080211,73573000
2023-08-22,8676.3662109375,8699.689776020665,8536.424820438508,8536.424820438508,65664600
2023-08-23,8676.3662109375,8699.689776020665,8653.042645854335,8676.3662109375,63749800
2023-08-24,8583.072265625,8699.690095320992,8583.072265625,8629.719397503397,53725900
2023-08-25,8653.04296875,8653.04296875,8559.748704935984,8583.072270889488,50379000
2023-08-28,8583.072265625,8629.719397503397,8583.072265625,8629.719397503397,44423100
2023-08-29,8629.720703125,8676.36784206081,8583.07356418919,8653.044272592906,45428500
2023-08-30,8583.072265625,8676.366529381794,8583.072265625,8676.366529381794,56227000
2023-08-31,8559.7490234375,8606.396157080211,8489.778322973432,8583.072590258855,136107200
2023-09-01,8606.396484375,8653.043619791668,8559.749348958334,8583.072916666668,42152700
2023-09-04,8606.396484375,8653.043619791668,8559.749348958334,8606.396484375,40610600
2023-09-05,8606.396484375,8629.720052083334,8583.072916666668,8629.720052083334,42007200
2023-09-06,8536.42578125,8629.720052083334,8536.42578125,8583.072916666668,49318400
2023-09-07,8559.7490234375,8559.7490234375,8489.778322973432,8513.101889794789,61405200
2023-09-08,8513.1015625,8536.425128424658,8443.130864726028,8489.777996575343,80732300
2023-09-11,8513.1015625,8513.1015625,8466.454430650685,8466.454430650685,53155900
2023-09-12,8489.77734375,8513.10090788118,8466.453779618818,8489.77734375,66479000
2023-09-13,8466.455078125,8466.455078125,8396.484375,8443.131510416668,69490200
2023-09-14,8489.77734375,8513.10090788118,8396.483087225275,8396.483087225275,112757900
2023-09-15,8396.4833984375,8489.77765842014,8396.4833984375,8443.13052842882,121005300
2023-09-18,8396.4833984375,8466.45409342448,8396.4833984375,8443.13052842882,34272200
2023-09-19,8466.455078125,8466.455078125,8373.160807291668,8396.484375,33325800
2023-09-20,8536.42578125,8559.749348958334,8466.455078125,8513.102213541668,54305500
2023-09-21,8513.1015625,8536.425128424658,8466.454430650685,8513.1015625,40607000
2023-09-22,8466.455078125,8536.42578125,8466.455078125,8513.102213541668,42445300
2023-09-25,8396.4833984375,8466.45409342448,8396.4833984375,8466.45409342448,56132200
2023-09-26,8349.8369140625,8419.807614459673,8349.8369140625,8396.484047660615,73544700
2023-09-27,8279.865234375,8396.483054577466,8279.865234375,8303.188798415493,84345000
2023-09-29,8233.2197265625,8303.190432453966,8233.2197265625,8233.2197265625,118960000
2023-10-02,8466.455078125,8489.778645833334,8279.866536458334,8303.190104166668,93663000
2023-10-03,8583.072265625,8583.072265625,8419.807304050611,8466.454435929008,98380200
2023-10-04,8583.072265625,8629.719397503397,8513.101567807405,8583.072265625,112582800
2023-10-05,8466.455078125,8583.072916666668,8466.455078125,8583.072916666668,72855700
2023-10-06,8419.80859375,8489.779302285318,8419.80859375,8489.779302285318,53344400
2023-10-09,8443.130859375,8513.101557104626,8419.807293465125,8419.807293465125,43774500
2023-10-10,8326.5126953125,8396.483390231093,8326.5126953125,8396.483390231093,71966100
2023-10-11,8326.5126953125,8419.806955203958,8326.5126953125,8326.5126953125,84305800
2023-10-12,8443.130859375,8489.777991194751,8396.483727555249,8396.483727555249,71064500
2023-10-13,8466.455078125,8513.102213541668,8419.807942708334,8489.778645833334,62941800
2023-10-16,8489.77734375,8513.10090788118,8443.130215487638,8513.10090788118,29429200
2023-10-17,8349.8369140625,8466.454748057786,8349.8369140625,8443.13118125873,59606000
2023-10-18,8256.54296875,8349.837239583334,8256.54296875,8326.513671875,50919200
2023-10-19,8163.248046875,8256.542310267858,8163.248046875,8233.218744419642,89509700
2023-10-20,8373.1611328125,8419.808270042653,8139.925446661734,8139.925446661734,64554500
2023-10-23,8256.54296875,8326.513671875,8256.54296875,8279.866536458334,50633500
2023-10-24,8186.57177734375,8279.866042612624,8186.57177734375,8186.57177734375,76963200
2023-10-25,8279.865234375,8326.512362455986,8233.218106294014,8233.218106294014,54748400
2023-10-26,8139.923828125,8349.83590392192,8139.923828125,8326.512339944484,63199400
2023-10-27,8116.60107421875,8209.895339439656,8116.60107421875,8139.924640523976,52450700
2023-10-30,8256.54296875,8256.54296875,8116.6015625,8116.6015625,51958200
2023-10-31,8163.248046875,8233.218744419642,8139.924481026786,8209.895178571429,64907600
2023-11-01,8023.3076171875,8186.572597769804,8023.3076171875,8163.249029115189,67027600
2023-11-02,8256.54296875,8303.190104166668,8139.925130208334,8139.925130208334,56050900
2023-11-03,8303.189453125,8349.83658488413,8256.54232136587,8326.513019004564,60414100
2023-11-06,8443.130859375,8443.130859375,8349.836595735496,8373.160161645374,84994200
2023-11-07,8373.1611328125,8419.808270042653,8303.19042696727,8396.484701427577,60648200
2023-11-08,8396.4833984375,8396.4833984375,8303.189138454862,8349.83626844618,31829300
2023-11-09,8396.4833984375,8443.13052842882,8303.189138454862,8303.189138454862,46076800
2023-11-10,8233.2197265625,8396.484706975922,8233.2197265625,8349.837569714944,50754600
2023-11-13,8279.865234375,8326.512362455986,8256.541670334507,8279.865234375,20827700
2023-11-14,8326.5126953125,8349.836260285365,8279.865565366772,8303.189130339637,37195700
2023-11-15,8443.130859375,8443.130859375,8349.836595735496,8373.160161645374,84977900
2023-11-16,8466.455078125,8466.455078125,8349.837239583334,8443.131510416668,48714300
2023-11-17,8466.455078125,8466.455078125,8373.160807291668,8419.807942708334,57050500
2023-11-20,8279.865234375,8419.806618617959,8279.865234375,8373.159490536973,49216000
2023-11-21,8186.57177734375,8303.189608929843,8186.57177734375,8233.218909978188,107614800
2023-11-22,8279.865234375,8279.865234375,8186.570978213028,8186.570978213028,40364800
2023-11-23,8326.5126953125,8373.159825258228,8256.542000393909,8256.542000393909,55542100
2023-11-24,8326.5126953125,8373.159825258228,8303.189130339637,8326.5126953125,43631900
2023-11-27,8279.865234375,8349.835926496478,8279.865234375,8303.188798415493,35679000
2023-11-28,8279.865234375,8349.835926496478,8256.541670334507,8279.865234375,69070600
2023-11-29,8303.189453125,8349.83658488413,8303.189453125,8303.189453125,54715600
2023-11-30,8373.1611328125,8373.1611328125,8303.19042696727,8326.513995582347,205312100
2023-12-01,8349.8369140625,8373.160480861558,8303.189780464385,8326.513347263442,80566400
2023-12-04,8366.2412109375,8459.98060825893,8366.2412109375,8389.676060267857,54747400
2023-12-05,8342.8056640625,8389.675358804425,8272.501121949614,8389.675358804425,94363900
2023-12-06,8249.0673828125,8389.676485928621,8249.0673828125,8295.937083851208,81852800
2023-12-07,8272.5029296875,8272.5029296875,8178.76351971937,8202.198372211402,91322500
2023-12-08,8202.197265625,8295.93666294643,8202.197265625,8249.066964285714,43891600
2023-12-11,8202.197265625,8225.632114955357,8131.892717633928,8131.892717633928,78642800
2023-12-12,8155.32666015625,8202.196353605425,8155.32666015625,8155.32666015625,87589300
2023-12-13,8131.89208984375,8202.196632407242,8131.89208984375,8155.326937364914,51560500
2023-12-14,8483.416015625,8483.416015625,8202.197805162294,8225.632656034186,115332800
2023-12-15,8647.458984375,8647.458984375,8506.849895198171,8553.719591590447,275013500
2023-12-18,8624.0244140625,8647.459263013756,8577.154716159986,8624.0244140625,111712200
2023-12-19,8670.89453125,8670.89453125,8553.720280827703,8553.720280827703,65174500
2023-12-20,8717.763671875,8717.763671875,8647.459126134072,8670.893974714381,72938100
2023-12-21,8741.1982421875,8741.1982421875,8670.893698684651,8717.763394353218,88116700
2023-12-22,8741.1982421875,8764.633090021784,8694.328546518935,8694.328546518935,64449600
2023-12-27,8788.068359375,8811.503208333334,8741.198661458333,8788.068359375,64464700
2023-12-28,8811.5029296875,8834.937777904754,8741.198385035737,8741.198385035737,70184600
2023-12-29,8811.5029296875,8858.372626122007,8764.633233252993,8834.937777904754,79903400
2024-01-02,8834.9384765625,8834.9384765625,8764.633926351127,8811.503626492044,30545200
2024-01-03,8764.6328125,8834.937353776737,8741.197965407753,8834.937353776737,34603300
2024-01-04,8881.8076171875,8881.8076171875,8788.06822281085,8811.503071405014,56501800
2024-01-05,8975.546875,8998.981723237597,8881.807482049608,8905.242330287207,85290100
2024-01-08,8975.546875,9022.416571475196,8881.807482049608,8998.981723237597,50896000
2024-01-09,9022.416015625,9022.416015625,8975.546322037337,8998.98116883117,59848600
2024-01-10,8952.1123046875,9045.851700548103,8952.1123046875,9045.851700548103,52774900
2024-01-11,8975.546875,9045.851419712793,8975.546875,9022.416571475196,39381500
2024-01-12,9092.7216796875,9092.7216796875,8998.982280927836,9045.851980307667,68253400
2024-01-15,9116.15625,9139.591098971723,9045.851703084832,9139.591098971723,88399500
2024-01-16,9092.7216796875,9139.591379067333,9069.286829997583,9092.7216796875,44869200
2024-01-17,9139.5908203125,9139.5908203125,9045.851427283653,9139.5908203125,107706100
2024-01-18,9069.2861328125,9139.590676477714,9022.41643703569,9069.2861328125,71048900
2024-01-19,9022.416015625,9163.025096387986,8998.98116883117,9163.025096387986,63176500
2024-01-22,9022.416015625,9045.85086241883,8928.676628449675,8998.98116883117,52868300
2024-01-23,8998.982421875,8998.982421875,8858.373321533203,8858.373321533203,92348600
2024-01-24,8928.6767578125,8998.981299212597,8881.807063545768,8998.981299212597,84906000
2024-01-25,8905.2421875,8975.546731085527,8858.372491776316,8858.372491776316,63212700
2024-01-26,8764.6328125,8858.372200868984,8717.763118315508,8811.502506684492,78977300
2024-01-29,8952.1123046875,8952.1123046875,8788.068361931446,8811.503210896597,73452800
2024-01-30,9045.8515625,9045.8515625,8881.80762224741,8905.242470854922,73136400
2024-01-31,8952.1123046875,9092.721398478403,8952.1123046875,9092.721398478403,102581200
2024-02-01,9092.7216796875,9116.156529377417,8975.54743123792,9045.851980307667,104208700
2024-02-02,9092.7216796875,9186.461078447164,9022.417130617752,9163.02622875725,99324000
2024-02-05,8975.546875,9069.28626795039,8928.677178524804,9069.28626795039,57983300
2024-02-06,9022.416015625,9139.590249594155,9022.416015625,9139.590249594155,87651000
2024-02-07,9092.7216796875,9116.156529377417,9045.851980307667,9092.7216796875,92953500
2024-02-12,9186.4599609375,9186.4599609375,9092.720573580995,9139.590267259247,87949400
2024-02-13,9116.15625,9186.460796915168,9092.721401028279,9139.591098971723,66072400
2024-02-15,9233.330078125,9350.504317695115,9233.330078125,9327.069469781092,164748900
2024-02-16,9327.0693359375,9373.939031092965,9256.764793204304,9350.504183515233,142277200
2024-02-19,9256.765625,9350.505023734177,9209.89592563291,9280.200474683545,53341300
2024-02-20,9397.3740234375,9397.3740234375,9233.330087866272,9233.330087866272,63997700
2024-02-21,9350.50390625,9373.938753132832,9233.32967183584,9327.069059367168,75371600
2024-02-22,9256.765625,9350.505023734177,9256.765625,9350.505023734177,66913000
2024-02-23,9209.8955078125,9303.634902294052,9186.460659192113,9280.200053673665,55192300
2024-02-26,9186.4599609375,9256.764501454878,9116.15542042012,9139.590267259247,41356000
2024-02-27,9256.765625,9280.200474683545,9139.591376582279,9139.591376582279,43735800
2024-02-28,9373.939453125,9373.939453125,9280.20005859375,9350.504604492187,54043100
2024-02-29,9256.765625,9373.939873417721,9233.330775316455,9373.939873417721,126671200
2024-03-01,9209.8955078125,9303.634902294052,9186.460659192113,9280.200053673665,51520600
2024-03-04,9139.5908203125,9209.895365084134,9139.5908203125,9186.460516826923,43822900
2024-03-05,9186.4599609375,9280.199348294005,9163.025114098373,9280.199348294005,61952900
2024-03-06,9327.0693359375,9373.939031092965,9163.025402893372,9280.199640782035,70242200
2024-03-07,9491.1123046875,9537.98199508102,9373.938078703704,9420.807769097222,118369300
2024-03-08,9514.5478515625,9655.156933112685,9491.11300463747,9608.287239262623,100947200
2024-03-13,9373.939453125,9748.89703125,9373.939453125,9748.89703125,141622600
2024-03-14,9678.5927734375,9678.5927734375,9397.374581473214,9420.809430803572,110681100
2024-03-15,9514.5478515625,9655.156933112685,9420.808463862377,9561.417545412562,154176800
2024-03-18,9514.5478515625,9631.722086187654,9514.5478515625,9537.98269848753,62444100
2024-03-19,9537.9833984375,9608.287944371928,9514.548549792691,9514.548549792691,55004800
2024-03-20,9491.1123046875,9514.54714988426,9444.242614293982,9467.677459490742,66269700
2024-03-21,9491.1123046875,9584.851685474538,9420.807769097222,9537.98199508102,90279400
2024-03-22,9467.6787109375,9491.113559231899,9327.069621171102,9373.939317759901,91968200
2024-03-25,9661.8759765625,9661.8759765625,9518.026706439981,9661.8759765625,66971000
2024-03-26,9637.9013671875,9637.9013671875,9542.001851096082,9637.9013671875,65742700
2024-03-27,9661.8759765625,9661.8759765625,9589.95134150124,9613.926219854993,39514100
2024-03-28,9661.8759765625,9685.850854916253,9565.976463147488,9613.926219854993,79229700
2024-04-01,9446.1015625,9685.850333121827,9422.126685437817,9661.875456059644,79248700
2024-04-02,9494.0517578125,9542.00151416509,9398.152245107323,9518.026635988794,76763100
2024-04-03,9134.427734375,9398.151369750656,9134.427734375,9350.201617864173,177418400
2024-04-04,9446.1015625,9446.1015625,9182.37791481599,9182.37791481599,75993500
2024-04-05,9422.126953125,9542.001341841604,9422.126953125,9542.001341841604,70428600
2024-04-16,9086.478515625,9182.378025024736,8870.704619475593,8966.60412887533,283265900
2024-04-17,9134.427734375,9278.276990034448,9134.427734375,9158.40261031824,95620700
2024-04-18,9086.478515625,9182.378025024736,9062.503638275066,9134.428270324868,127134000
2024-04-19,9086.478515625,9110.453392974934,8918.654374175461,8966.60412887533,147784300
2024-04-22,8966.603515625,9038.528142755682,8966.603515625,9014.553267045454,128908000
2024-04-23,9326.2275390625,9374.177295047397,9014.554125160668,9014.554125160668,178833000
2024-04-24,9542.0009765625,9542.0009765625,9350.201961958228,9422.12659243483,132832700
2024-04-25,9374.1767578125,9589.950647378517,9302.252127957161,9589.950647378517,104874100
2024-04-26,9230.3271484375,9422.126154119318,9230.3271484375,9302.251775568182,100932900
2024-04-29,9398.1513671875,9446.101119060906,9134.427731883769,9134.427731883769,90063500
2024-04-30,9398.1513671875,9637.900126554528,9398.1513671875,9637.900126554528,109623000
2024-05-02,9158.4033203125,9494.051609538612,9110.453564708769,9494.051609538612,97079400
2024-05-03,9446.1015625,9446.1015625,9278.277423064721,9350.20205425127,81200400
2024-05-06,9398.1513671875,9470.075994997607,9374.176491250797,9446.101119060906,53076200
2024-05-07,9302.2529296875,9350.202687057023,9230.328293633214,9302.2529296875,66746800
2024-05-08,8990.5791015625,9302.252510416667,8990.5791015625,9206.353,112808900
2024-05-13,9134.427734375,9134.427734375,8822.754347112861,8822.754347112861,145469900
2024-05-14,9158.4033203125,9278.277709321826,9134.428442510634,9230.327953718095,95363500
2024-05-15,9110.453125,9206.352631578948,9038.52849506579,9110.453125,54741900
2024-05-16,9206.353515625,9278.27815246582,9134.42887878418,9182.37863667806,61126000
2024-05-17,9350.2021484375,9446.101657652243,9182.3780073117,9206.352884615386,99848500
2024-05-20,9086.478515625,9398.151921174143,9086.478515625,9302.252411774407,87890100
2024-05-21,8990.5791015625,9182.378122395834,8990.5791015625,9062.503734375,75311400
2024-05-22,9038.529296875,9182.37856950431,8942.629781788793,9086.479054418103,121712700
2024-05-27,8918.654296875,8990.578928301411,8894.679419732864,8918.654296875,128578500
2024-05-28,8918.654296875,9014.553805443547,8918.654296875,8918.654296875,73945700
2024-05-29,8774.8046875,8942.628820867487,8774.8046875,8894.679068476777,117351600
2024-05-30,8630.9560546875,8870.704833984375,8415.182153320313,8630.9560546875,207115100
2024-05-31,8870.705078125,8870.705078125,8654.931170819256,8726.855806587837,756431600
2024-06-03,8894.6806640625,8966.605305550876,8846.730903070249,8966.605305550876,72197700
2024-06-04,8966.603515625,9134.42764559659,8966.603515625,9134.42764559659,75353100
2024-06-05,9062.50390625,9110.453662367725,8918.654637896825,9110.453662367725,82087300
2024-06-06,9086.478515625,9134.428270324868,9062.503638275066,9134.428270324868,44991300
2024-06-07,8942.62890625,9110.453041219838,8942.62890625,9110.453041219838,51599800
2024-06-10,9134.427734375,9134.427734375,9062.503106545275,9110.452858431758,45584700
2024-06-11,8918.654296875,9158.403068296371,8918.654296875,9158.403068296371,68690900
2024-06-12,8870.705078125,8942.62971389358,8870.705078125,8918.654835304054,49785700
2024-06-13,8822.7548828125,9086.478534200918,8822.7548828125,9086.478534200918,84652200
2024-06-14,8822.7548828125,8870.704637610394,8726.855373216713,8822.7548828125,52986300
2024-06-19,8678.90625,8870.705283149171,8678.90625,8870.705283149171,100051000
2024-06-20,9038.529296875,9038.529296875,8726.855872844828,8774.805630387931,81474800
2024-06-21,9206.353515625,9278.27815246582,9014.554484049479,9086.479120890299,166841200
2024-06-24,9206.353515625,9350.20278930664,9182.37863667806,9206.353515625,79592300
2024-06-25,9206.353515625,9206.353515625,9062.50424194336,9206.353515625,80029000
2024-06-26,9110.453125,9254.30238486842,9062.503371710527,9134.428001644737,77913200
2024-06-27,9350.2021484375,9350.2021484375,9158.403130008013,9182.3780073117,89150700
2024-06-28,9518.0263671875,9565.976122185926,9374.177102192223,9398.151979691436,166172300
2024-07-01,9470.0771484375,9494.052027294303,9422.127390723892,9446.102269580695,68634600
2024-07-02,9494.0517578125,9589.951270517677,9446.102001459913,9589.951270517677,78848500
2024-07-03,9589.951171875,9589.951171875,9518.026538085936,9565.976293945312,55860200
2024-07-04,9422.126953125,9589.951097328245,9422.126953125,9565.976219584923,67054000
2024-07-05,9542.0009765625,9565.975853388034,9470.076346085898,9518.026099736966,36946900
2024-07-08,9637.9013671875,9637.9013671875,9542.001851096082,9589.951609141792,72903600
2024-07-09,9661.8759765625,9733.80061162376,9661.8759765625,9685.850854916253,61853200
2024-07-10,9685.8505859375,9805.72497437732,9637.900830561572,9757.775219001393,62325900
2024-07-11,9661.8759765625,9709.825733270007,9589.95134150124,9589.95134150124,55908400
2024-07-12,9661.8759765625,9685.850854916253,9613.926219854993,9637.901098208747,62646500
2024-07-15,9637.9013671875,9661.876246210355,9542.001851096082,9637.9013671875,36682600
2024-07-16,9542.0009765625,9613.925607039102,9542.0009765625,9565.975853388034,37192700
2024-07-17,9398.1513671875,9542.000622807716,9398.1513671875,9494.05087093431,90666000
2024-07-18,9685.8505859375,9685.8505859375,9398.15205368193,9398.15205368193,65383200
2024-07-19,9709.82421875,9709.82421875,9565.974971064814,9637.899594907407,53880300
2024-07-22,9685.8505859375,9733.800341313428,9685.8505859375,9709.825463625464,31285300
2024-07-23,9757.775390625,9781.750268734644,9709.825634405714,9781.750268734644,39321100
2024-07-24,9661.8759765625,9757.775489977512,9661.8759765625,9709.825733270007,24658000
2024-07-25,9877.6494140625,9877.6494140625,9781.749905188106,9805.724782406705,98088100
2024-07-26,9901.625,9973.549636803873,9877.650121065375,9949.57475786925,75565800
2024-07-29,9829.69921875,9997.523351753049,9757.774590320123,9973.548475609756,69092500
2024-07-30,9757.775390625,9877.649781173219,9757.775390625,9877.649781173219,32122900
2024-07-31,9853.6748046875,9925.599438298357,9805.725048946928,9925.599438298357,82519900
2024-08-01,9949.57421875,9949.57421875,9781.750075301205,9781.750075301205,61176200
2024-08-02,9781.75,9925.599264705883,9781.75,9853.67463235294,55699900
2024-08-05,9470.0771484375,9733.800815862342,9470.0771484375,9589.95154272152,126328300
2024-08-06,9589.951171875,9661.875805664062,9542.001416015624,9661.875805664062,78473900
2024-08-07,9685.8505859375,9685.8505859375,9589.951075185643,9589.951075185643,52327400
2024-08-08,9805.7255859375,9805.7255859375,9661.876310838172,9733.800948387836,54162100
2024-08-09,9733.7998046875,9829.699310152402,9685.850051955049,9805.724433786176,47062400
2024-08-12,9781.75,9781.75,9661.875612745098,9685.850490196079,40364100
2024-08-13,9877.6494140625,9877.6494140625,9757.775027969508,9829.699659625303,55207100
2024-08-14,9781.75,9877.649509803921,9781.75,9877.649509803921,47999100
2024-08-15,9805.7255859375,9877.650223487164,9757.775827571057,9781.75070675428,33396600
2024-08-16,9901.625,9901.625,9829.700363196125,9877.650121065375,40731400
2024-08-19,9949.57421875,9997.523974021084,9853.674708207831,9901.624463478916,51054400
2024-08-20,9997.5234375,10021.49831384892,9877.649055755395,9901.623932104316,60304400
2024-08-21,9997.5234375,10069.448066546762,9997.5234375,10069.448066546762,84848800
2024-08-22,9901.625,9973.549636803873,9805.7254842615,9925.599878934625,56611600
2024-08-23,9901.625,9949.57475786925,9877.650121065375,9901.625,46651600
2024-08-26,9901.625,9949.57475786925,9829.700363196125,9853.67524213075,35145600
2024-08-27,9781.75,9877.649509803921,9757.77512254902,9853.67463235294,60448400
2024-08-28,9925.5986328125,9925.5986328125,9829.699129113827,9877.648880963165,38489900
2024-08-29,9805.7255859375,10069.449256952934,9805.7255859375,10069.449256952934,53004700
2024-08-30,9901.625,9901.625,9781.750605326875,9901.625,158403700
2024-09-02,9853.6748046875,9949.574316168644,9781.750171076643,9949.574316168644,72008600
2024-09-03,9757.775390625,9901.624659282863,9733.800512515356,9901.624659282863,50950200
2024-09-04,9877.6494140625,9877.6494140625,9709.825273532311,9733.80015075091,44817000
2024-09-05,9829.69921875,9925.598723323172,9829.69921875,9925.598723323172,39332900
2024-09-06,9877.6494140625,9877.6494140625,9805.724782406705,9805.724782406705,31541800
2024-09-09,9853.6748046875,9925.599438298357,9781.750171076643,9877.649682557785,36185100
2024-09-10,9925.5986328125,9925.5986328125,9853.674005038496,9925.5986328125,55093100
2024-09-11,9997.5234375,9997.5234375,9925.598808453236,9997.5234375,64621300
2024-09-12,10045.4736328125,10069.44851021778,9949.574123191378,10021.49875540722,70759100
2024-09-13,9997.5234375,9997.5234375,9901.623932104316,9973.54856115108,70057100
2024-09-17,10069.44921875,10069.44921875,9925.599944196429,10021.499460565476,89745000
2024-09-18,10189.3232421875,10189.3232421875,10021.499094669118,10069.448851102941,65420200
2024-09-19,10453.046875,10453.046875,10213.298093463301,10261.247849770642,140886600
2024-09-20,10333.171875,10453.046258700697,10333.171875,10453.046258700697,142194600
2024-09-23,10500.9970703125,10500.9970703125,10285.223157908818,10285.223157908818,72553800
2024-09-24,10357.146484375,10500.99574110243,10333.17160825376,10333.17160825376,105191100
2024-09-25,10405.09765625,10405.09765625,10093.424224150345,10237.273500504032,158369100
2024-09-26,10261.248046875,10429.072197174357,10237.273168260806,10429.072197174357,84960100
2024-09-27,10213.2978515625,10309.19736190581,9973.549075704224,10069.448586047534,93027400
2024-09-30,9901.625,10117.398910411623,9901.625,10045.474273607748,144692100
2024-10-01,10117.3984375,10117.3984375,9949.574292802134,9973.549170616114,59797700
2024-10-02,10069.44921875,10117.398976934524,9901.625065104166,9901.625065104166,86746200
2024-10-03,10021.4990234375,10093.423657577005,9973.549267344499,10021.4990234375,60887000
2024-10-04,10045.4736328125,10045.4736328125,9925.599245786098,9973.549000596659,58500400
2024-10-07,9877.6494140625,9949.574045718295,9829.699659625303,9925.599168499697,91867900
2024-10-08,9973.548828125,10069.44833608774,9733.800058218148,9781.74981219952,99622900
2024-10-09,9997.5234375,10093.422942895682,9973.54856115108,9973.54856115108,56835200
2024-10-10,10069.44921875,10069.44921875,9973.549702380953,9997.524581473215,51080000
2024-10-11,9949.57421875,10141.373239834338,9949.57421875,10141.373239834338,44632100
2024-10-14,10069.44921875,10069.44921875,9949.57482328869,9949.57482328869,31738600
2024-10-15,10189.3232421875,10189.3232421875,10021.499094669118,10117.398607536765,66635200
2024-10-16,10045.4736328125,10285.222406865303,10045.4736328125,10261.247529460023,63255900
2024-10-17,10285.22265625,10357.14729020979,10069.44875437063,10117.398510343823,66993300
2024-10-18,10309.1962890625,10429.070664516716,10285.221413971656,10429.070664516716,56299600
2024-10-21,10237.2734375,10405.097592213115,10237.2734375,10405.097592213115,36472500
2024-10-22,10069.44921875,10165.348735119047,10045.474339657738,10045.474339657738,94799500
2024-10-23,10213.2978515625,10213.2978515625,10045.473708461708,10045.473708461708,48903000
2024-10-24,10261.248046875,10405.097318560163,10261.248046875,10285.222925489194,85341200
2024-10-25,10309.1962890625,10309.1962890625,10189.321913608284,10213.296788699128,34847500
2024-10-28,10165.34765625,10381.121545179834,10165.34765625,10381.121545179834,39061500
2024-10-29,10069.44921875,10141.373856026787,10069.44921875,10093.424097842262,49680100
2024-10-30,9925.5986328125,9973.548384661835,9853.674005038496,9853.674005038496,114484100
2024-10-31,9829.69921875,10045.473104039635,9829.69921875,9901.623847179879,97553400
2024-11-01,9997.5234375,9997.5234375,9853.674179406475,9853.674179406475,47710000
2024-11-04,9949.57421875,10069.448606927712,9877.649585843374,9997.523974021084,49275700
2024-11-05,10069.44921875,10141.373856026787,9877.650186011904,9877.650186011904,50296500
2024-11-06,10021.4990234375,10069.448779530503,9949.574389297997,10045.473901484002,50324900
2024-11-07,9757.775390625,10021.499049831082,9757.775390625,9901.624659282863,131579100
2024-11-08,9661.8759765625,9805.725246685019,9637.901098208747,9781.750368331266,92166100
2024-11-11,9637.9013671875,9637.9013671875,9398.152576958955,9398.152576958955,128707600
2024-11-12,9733.7998046875,9805.724433786176,9589.950546490149,9685.850051955049,80378500
2024-11-13,9733.7998046875,9829.699310152402,9733.7998046875,9805.724433786176,62933100
2024-11-14,9685.8505859375,9757.775219001393,9637.900830561572,9709.825463625464,56381400
2024-11-15,9757.775390625,9853.674903063575,9637.901000076781,9637.901000076781,63598200
2024-11-18,9589.951171875,9709.825561523438,9589.951171875,9661.875805664062,65716200
2024-11-19,9518.0263671875,9613.92587718435,9494.051489688287,9494.051489688287,85295300
2024-11-20,9661.8759765625,9733.80061162376,9589.95134150124,9613.926219854993,58584400
2024-11-21,9493.21484375,9637.781567258882,9493.21484375,9637.781567258882,93181200
2024-11-22,9493.21484375,9589.59265942259,9493.21484375,9565.498205504442,58396100
2024-11-25,9806.4423828125,9830.536835841523,9541.403399493243,9589.59230555129,165369400
2024-11-26,9637.78125,9878.725781250001,9637.78125,9878.725781250001,62310100
2024-11-28,9637.78125,9710.064609375,9565.497890625,9613.686796875001,57443500
2024-11-29,9637.78125,9734.1590625,9589.59234375,9637.78125,76886000
2024-12-02,9396.8369140625,9685.970357572116,9396.8369140625,9637.781450320514,87879600
2024-12-03,9830.537109375,9854.631563074448,9541.403664981617,9661.87593347886,126087100
2024-12-04,9830.537109375,9878.726016773897,9685.970387178308,9806.442655675552,97876300
2024-12-05,9878.7255859375,9975.103396532011,9854.63113328887,9878.7255859375,96904400
2024-12-06,9710.0654296875,9806.44325032956,9685.970974526985,9734.159884848015,68247200
2024-12-09,9975.103515625,9975.103515625,9637.78117451691,9661.8756274532,64458400
2024-12-10,9975.103515625,9975.103515625,9902.820156816124,9951.009062688709,61230400
2024-12-11,10047.38671875,10047.38671875,9854.631098246402,9854.631098246402,37934300
2024-12-12,9806.4423828125,9999.198007044686,9806.4423828125,9926.914647957616,44780100
2024-12-13,9685.970703125,9854.6318845227,9661.876248639614,9758.254066581156,75126400
2024-12-16,9734.1591796875,9758.25363310257,9637.781366027228,9637.781366027228,57746100
2024-12-17,9541.404296875,9685.971028645834,9541.404296875,9589.593207465277,99845900
2024-12-18,9445.025390625,9661.875463368942,9445.025390625,9541.403200733419,84868500
2024-12-19,9324.5537109375,9420.931527071221,9204.08144077035,9348.64816497093,104254100
2024-12-20,9300.458984375,9396.836797684586,9276.364531047604,9300.458984375,91576900
2024-12-23,9420.9306640625,9493.214019541241,9348.64730858376,9348.64730858376,43292100
2024-12-24,9396.8369140625,9541.403635817307,9396.8369140625,9493.214728565705,32415700
2024-12-27,9445.025390625,9469.119843152104,9372.742033043687,9445.025390625,24016700
2024-12-30,9324.5537109375,9469.120435138082,9324.5537109375,9445.02598110465,56350100
2025-01-02,9541.404296875,9541.404296875,9300.459743923611,9300.459743923611,38124800
2025-01-03,9493.21484375,9565.498205504442,9469.120389831853,9493.21484375,41916000
2025-01-06,9324.5537109375,9517.30934320494,9300.459256904069,9493.214889171511,41593900
2025-01-07,9179.986328125,9372.74194656332,9179.986328125,9324.55304195374,71318600
2025-01-08,9324.5537109375,9420.931527071221,9228.175894803779,9324.5537109375,55943100
2025-01-09,9493.21484375,9517.309297668147,9372.742574159263,9396.83702807741,42733800
2025-01-10,9372.7421875,9565.497810893316,9372.7421875,9445.025546272494,72531300
2025-01-13,9324.5537109375,9372.74261900436,9276.36480287064,9276.36480287064,88270100
2025-01-14,9179.986328125,9372.74194656332,9179.986328125,9252.26968503937,70942600
2025-01-15,9445.025390625,9445.025390625,9204.080865353955,9228.17531788106,77098000
2025-01-16,9396.8369140625,9565.498089443108,9396.8369140625,9493.214728565705,76979000
2025-01-17,9541.404296875,9541.404296875,9300.459743923611,9396.837565104166,71033100
2025-01-20,9276.3642578125,9517.308783989449,9276.3642578125,9493.214331371753,112111200
2025-01-21,9228.17578125,9324.55359619778,9204.081327513055,9252.270234986945,124547900
2025-01-22,9252.2705078125,9324.553871154785,9228.17605336507,9300.459416707356,90154800
2025-01-23,9252.2705078125,9396.83723449707,9252.2705078125,9252.2705078125,120515400
2025-01-24,9011.3251953125,9300.458624039104,9011.3251953125,9276.36417164522,152057000
2025-01-30,8818.5693359375,8939.04159462517,8818.5693359375,8818.5693359375,154645800
2025-01-31,9107.7041015625,9155.893012152777,8890.85400390625,8914.948459201389,112982800
2025-02-03,9011.3251953125,9059.514100100267,8890.852933343082,9059.514100100267,90439900
2025-02-04,8842.6640625,9059.514134877385,8842.6640625,9011.325229904633,94607700
2025-02-05,8794.4755859375,8842.664493257706,8770.381132277398,8770.381132277398,98229900
2025-02-06,8625.814453125,8770.381175803073,8529.436638006286,8746.286722023393,171477800
2025-02-07,9011.3251953125,9011.3251953125,8505.341695040943,8625.813957010361,131162200
2025-02-10,8818.5693359375,8914.947142887637,8698.09707724983,8698.09707724983,76209100
2025-02-11,8746.287109375,8770.381564221763,8674.00374483471,8698.098199681473,71188300
2025-02-12,8818.5693359375,8818.5693359375,8625.813722037226,8625.813722037226,121172600
2025-02-13,8674.0029296875,8818.569645182291,8674.0029296875,8770.380740017361,90439700
2025-02-14,8649.9091796875,8746.286997845578,8625.81472514798,8674.00363422702,116274500
2025-02-17,8987.23046875,8987.23046875,8649.90814552614,8649.90814552614,89096400
2025-02-18,8963.13671875,9228.175707745295,8914.947811659946,8987.231172295027,107318300
2025-02-19,8625.814453125,8914.947898481145,8625.814453125,8890.853444701466,154438200
2025-02-20,8674.0029296875,8698.097382269965,8625.81402452257,8649.908477105035,119260800
2025-02-21,8674.0029296875,8674.0029296875,8601.719571940104,8625.81402452257,106054700
2025-02-24,8601.7197265625,8649.908632593662,8553.530820531338,8601.7197265625,108530300
2025-02-25,8505.3427734375,8674.00396157932,8505.3427734375,8577.626139783995,101592700
2025-02-26,8457.1533203125,8577.62558983262,8408.96441250445,8481.247774216525,117843500
2025-02-27,8216.2080078125,8481.24697580645,8192.113556176686,8481.24697580645,199991600
2025-02-28,8119.8310546875,8360.775596369622,8119.8310546875,8216.208871360348,293095000
2025-03-03,8481.248046875,8577.625865589489,8240.30350008878,8288.492409446022,192944300
2025-03-04,8529.4365234375,8601.719883805616,8360.775349245234,8577.625430349577,125418500
2025-03-05,8674.0029296875,8842.664097764757,8505.341761610243,8505.341761610243,155207900
2025-03-06,8649.9091796875,8866.759270543176,8649.9091796875,8866.759270543176,96270100
2025-03-07,8601.7197265625,8674.003085609243,8601.7197265625,8674.003085609243,82295300
2025-03-10,8601.7197265625,8649.908632593662,8408.96410243785,8433.058555453432,97652100
2025-03-11,8601.7197265625,8722.191991640406,8553.530820531338,8625.814179578081,109295600
2025-03-12,8794.4755859375,8794.4755859375,8649.908863976883,8698.097771297089,87968900
2025-03-13,8649.9091796875,8842.664816003657,8649.9091796875,8818.570361464137,83030700
2025-03-14,8433.05859375,8601.719765625001,8433.05859375,8481.2475,111397800
2025-03-17,8288.4921875,8457.153365734011,8240.30327943314,8433.058911700582,151365700
2025-03-18,7999.3583984375,8240.302928510919,7782.508321371423,8192.114022496235,417305700
2025-03-19,8023.45263671875,8095.735993806306,7927.074827268675,7999.3581843562315,214108200
2025-03-20,8071.64208984375,8168.019905841885,8047.5476358442165,8143.925451842351,152917300
2025-03-21,7848.119140625,8220.656441604035,7848.119140625,8220.656441604035,377916400
2025-03-24,7897.791015625,8046.805940448114,7574.925345174922,7773.611911605739,331836800
2025-03-25,7997.13427734375,8096.477560292119,7947.462635869565,8021.970098080842,136341700
2025-03-26,8469.0146484375,8593.193748854472,8220.656447603555,8245.49226768695,283104600
2025-03-27,8444.1787109375,8518.686170151654,8319.999612247242,8369.671251723346,122943900
2025-04-08,7723.93994140625,7947.462319131832,7227.22354646051,7351.402645196946,533073600
2025-04-09,7872.955078125,7897.7908985607255,7624.596873767745,7649.43269420347,136753900
2025-04-10,8170.98486328125,8593.193807584537,8121.313222774981,8444.17888606573,144148600
2025-04-11,8220.65625,8270.32788897281,7997.133874622356,8146.148791540785,82603000
2025-04-14,8344.8359375,8344.8359375,8195.821010044643,8195.821010044643,83319300
2025-04-15,8518.6865234375,8543.52234420554,8394.507419597303,8518.6865234375,83431800
2025-04-16,8419.3427734375,8493.850231609513,8369.671134656157,8444.178592828172,76874900
2025-04-17,8444.1787109375,8444.1787109375,8295.16379250919,8394.507071461398,83540600
2025-04-21,8245.4921875,8444.17874623494,8245.4921875,8444.17874623494,40683800
2025-04-22,8444.1787109375,8444.1787109375,8270.32797277114,8270.32797277114,56537100
2025-04-23,8667.701171875,8667.701171875,8493.850432037965,8493.850432037965,92329600
2025-04-24,8419.3427734375,8791.880064297566,8419.3427734375,8791.880064297566,143675300
2025-04-25,8543.5224609375,8593.194103152253,8518.686639830124,8593.194103152253,58297000
2025-04-28,8717.373046875,8717.373046875,8593.193943643162,8692.537226228633,73235400
2025-04-29,8667.701171875,8767.044451781876,8642.865351898281,8742.208631805157,60315700
2025-04-30,8767.044921875,8866.38820710871,8618.029994024433,8742.209100566572,164597500
2025-05-02,8916.0595703125,8940.89539084262,8791.88046766191,8940.89539084262,92219000
2025-05-05,8916.0595703125,8990.567031902856,8916.0595703125,8940.89539084262,86385600
2025-05-06,8965.7314453125,8990.56726649065,8916.059802956197,8990.56726649065,48860500
2025-05-07,9015.4033203125,9040.239142131542,8940.895854855373,9015.4033203125,77382000
2025-05-08,8916.0595703125,9139.581955083566,8866.387929252263,9015.402852432973,99614500
2025-05-09,8940.8955078125,8990.567149522569,8916.059686957466,8990.567149522569,47167500
2025-05-14,9214.08984375,9238.925665431267,9089.910735343665,9189.254022068733,149002900
2025-05-15,9214.08984375,9338.268952156333,9189.254022068733,9214.08984375,101401300
2025-05-16,9238.9248046875,9263.76062405494,9164.417346585182,9238.9248046875,63007500
2025-05-19,9437.611328125,9437.611328125,9189.253135279605,9214.088954564144,111597200
2025-05-20,9412.7763671875,9611.46293958196,9412.7763671875,9437.612188736808,160614800
2025-05-21,9636.298828125,9661.134649846972,9487.28389779317,9636.298828125,169739200
2025-05-22,9586.626953125,9735.641879857512,9586.626953125,9735.641879857512,103113000
2025-05-23,9611.462890625,9636.298712047803,9561.791247779393,9611.462890625,48521800
2025-05-26,9561.791015625,9586.626836444806,9437.611911525975,9536.955194805196,56625300
2025-05-27,9387.9404296875,9536.955357142857,9387.9404296875,9487.283714657739,93212000
2025-05-28,9338.2685546875,9487.283478432513,9338.2685546875,9387.940195935838,236950800
2025-06-02,9040.23828125,9114.74573961195,8965.730822888048,8965.730822888048,264428700
2025-06-03,8990.5673828125,9065.074847310947,8891.224096814572,8990.5673828125,128318100
2025-06-04,8916.0595703125,9065.07449349321,8891.223749782383,9040.238672963093,93357200
2025-06-05,8866.3876953125,8990.566794686625,8841.551875437675,8940.895154936974,95529000
2025-06-10,9040.23828125,9040.23828125,8891.223364526099,8916.059183980082,80406400
2025-06-11,8990.5673828125,9065.074847310947,8990.5673828125,9040.239025811465,56632600
2025-06-12,9065.07421875,9065.07421875,8940.895119863015,8940.895119863015,41337300
2025-06-13,8965.7314453125,9065.074730025104,8916.059802956197,9040.238908846952,83318000
2025-06-16,8866.3876953125,8940.895154936974,8841.551875437675,8866.3876953125,57825000
2025-06-17,9015.4033203125,9040.239142131542,8916.060033036329,8916.060033036329,54927900
2025-06-18,8841.5517578125,8965.730855534586,8841.5517578125,8891.223396901334,86270200
2025-06-19,8717.373046875,8866.387970753205,8692.537226228633,8841.552150106838,78879500
2025-06-20,8642.865234375,8816.715971848062,8568.357775457975,8642.865234375,445915100
2025-06-23,8568.3583984375,8642.86586277174,8444.179291213768,8518.686755548008,87324500
2025-06-24,8717.373046875,8791.880508814102,8642.865584935897,8667.701405582266,110158900
2025-06-25,8543.5224609375,8717.373208689136,8419.343355400619,8667.701566474383,117561000
2025-06-26,8593.1943359375,8593.1943359375,8469.015227036669,8469.015227036669,117281700
2025-06-30,8618.029296875,8767.04421267111,8493.850200378243,8518.686019677594,185441800
2025-07-01,8642.865234375,8717.372693292025,8543.521955818966,8692.536873653018,82364500
2025-07-02,8618.029296875,8618.029296875,8518.686019677594,8518.686019677594,68545100
2025-07-03,8543.5224609375,8692.537387581759,8543.5224609375,8642.865745367006,50370800
2025-07-04,8593.1943359375,8642.865979497832,8493.851048816836,8593.1943359375,43593300
2025-07-07,8568.3583984375,8593.194219882245,8493.85093410326,8568.3583984375,49936900
2025-07-08,8444.1787109375,8543.521989889707,8369.671251723346,8493.850350413602,215611000
2025-07-09,8444.1787109375,8493.850350413602,8394.507071461398,8444.1787109375,94459300
2025-07-10,8543.5224609375,8593.194103152253,8444.179176507994,8469.014997615372,111769400
2025-07-11,8568.3583984375,8618.030041326992,8518.686755548008,8518.686755548008,135986500
2025-07-14,8469.0146484375,8618.029568937867,8394.507188187317,8593.193748854472,125196000
2025-07-15,8493.8505859375,8543.522226790936,8419.343124657347,8543.522226790936,77219300
2025-07-16,8469.0146484375,8543.522108687683,8444.178828354105,8493.850468520894,97475300
2025-07-17,8469.0146484375,8493.850468520894,8444.178828354105,8444.178828354105,86016400
2025-07-18,8369.671875,8518.686804525221,8369.671875,8493.850982937685,80432200
2025-07-21,8394.5078125,8444.179456360947,8320.00034670858,8394.5078125,95383500
2025-07-22,8344.8359375,8419.34340122768,8344.8359375,8394.50757998512,77981700
2025-07-23,8369.671875,8444.179339762612,8344.836053412462,8394.507696587536,70969500
2025-07-24,8444.1787109375,8493.850350413602,8394.507071461398,8419.342891199449,138256800
2025-07-25,8394.5078125,8469.015278291421,8394.5078125,8444.179456360947,58682800
2025-07-28,8444.1787109375,8568.357809627758,8419.342891199449,8568.357809627758,99484300
2025-07-29,8344.8359375,8444.179222470239,8320.00011625744,8444.179222470239,104240300
2025-07-30,8320.0,8419.34328358209,8270.328358208955,8419.34328358209,98098100
2025-07-31,8220.65625,8319.99952794562,8195.820430513595,8295.163708459215,206006300
2025-08-01,8245.4921875,8369.671286709337,8245.4921875,8344.835466867471,86196100
2025-08-04,8220.65625,8295.163708459215,8220.65625,8270.32788897281,49054500
2025-08-05,8369.671875,8394.507696587536,8270.32858864985,8295.164410237388,69475900
2025-08-06,8245.4921875,8369.671286709337,8245.4921875,8369.671286709337,56325400
2025-08-07,8245.4921875,8295.163827183735,8245.4921875,8270.328007341868,43621300
2025-08-08,8245.4921875,8344.835466867471,8245.4921875,8270.328007341868,68378700
2025-08-11,8493.8505859375,8493.8505859375,8369.671483803912,8444.178945084064,128561300
2025-08-12,8791.880859375,8816.716681011652,8518.686821371823,8568.358464645127,171015700
2025-08-13,8866.3876953125,8916.05933506215,8667.7011363139,8916.05933506215,129083900
2025-08-14,8717.373046875,8891.223791399572,8692.537226228633,8866.387970753205,122930900
2025-08-15,8642.865234375,8791.880152209053,8642.865234375,8767.044332570043,68754200
2025-08-19,8444.1787109375,8543.521989889707,8394.507071461398,8543.521989889707,128591700
2025-08-20,8469.0146484375,8543.522108687683,8295.16390785374,8319.999727937133,202260200
2025-08-21,8493.8505859375,8518.686406364217,8444.178945084064,8493.8505859375,69470200
2025-08-22,8394.5078125,8518.686922152367,8394.5078125,8518.686922152367,66394100
2025-08-25,8419.3427734375,8493.850231609513,8419.3427734375,8469.014412218841,64052700
2025-08-26,8195.8203125,8419.34268465909,8195.8203125,8394.506865530302,326794200
2025-08-27,8245.4921875,8295.163827183735,8146.148908132531,8195.820547816265,111915700
2025-08-28,8270.328125,8319.99976539039,8220.65648460961,8295.163945195196,81281400
2025-08-29,8021.97021484375,8220.656783632448,8021.97021484375,8195.820962533862,236499300
2025-09-01,7947.46240234375,7997.134042358399,7550.089282226562,7599.760922241211,421127500
2025-09-02,7947.46240234375,8121.31314239502,7947.46240234375,7947.46240234375,155531500
2025-09-03,7922.626953125,7947.46277429467,7848.119489615988,7848.119489615988,212372700
2025-09-04,7947.46240234375,7947.46240234375,7872.954942321778,7922.626582336426,103534800
2025-09-08,7649.4326171875,7972.298279601258,7649.4326171875,7972.298279601258,321191900
2025-09-09,7475.58203125,7674.268596864618,7425.910389846345,7574.925314057309,595368700
2025-09-10,7748.77587890625,7748.77587890625,7500.417677659255,7500.417677659255,246849600
2025-09-11,7798.44775390625,7922.626858267814,7798.44775390625,7848.119395650875,235173400
2025-09-12,7872.955078125,7922.626718996451,7798.4476168178235,7922.626718996451,156084700
2025-09-15,7972.29833984375,8046.805800963785,7922.62669909706,7947.462519470405,142567700
2025-09-16,7872.955078125,8021.970000739354,7848.1192576892745,7997.134180303628,129312900
2025-09-17,7798.44775390625,7848.119395650875,7748.776112161624,7798.44775390625,183725900
2025-09-18,7649.4326171875,7848.11917867289,7599.760976816153,7798.447538301542,275378700
2025-09-19,7748.77587890625,7773.61169903095,7599.760958158054,7599.760958158054,149025300
2025-09-22,7674.2685546875,7773.611836948827,7674.2685546875,7748.776016383495,92588800
2025-09-23,7823.28369140625,7848.11951264881,7699.104585193452,7699.104585193452,102606200
2025-09-24,7723.93994140625,7897.790679637259,7674.268301911676,7897.790679637259,150428400
2025-09-25,7649.4326171875,7723.940077744521,7649.4326171875,7674.268437373174,147986600
2025-09-26,7574.92529296875,7649.432754866803,7525.253651703381,7525.253651703381,121657700
2025-09-29,7723.93994140625,7748.775761153537,7649.432482164389,7699.104121658963,116454700
2025-09-30,7574.92529296875,7723.940216764857,7574.92529296875,7649.432754866803,170666700
2025-10-01,7450.74609375,7624.5968359375,7450.74609375,7550.0893750000005,202433400
2025-10-02,7450.74609375,7550.0893750000005,7450.74609375,7450.74609375,126952400
2025-10-03,7475.58203125,7500.417851951827,7450.746210548173,7475.58203125,76787500
2025-10-06,7450.74609375,7500.417734375001,7401.074453125,7450.74609375,104032400
2025-10-07,7525.25341796875,7550.089237830033,7450.745958384901,7500.417598107467,74282600
2025-10-08,7326.56689453125,7475.581814420021,7326.56689453125,7450.745994438559,168080800
2025-10-09,7500.41796875,7649.432895281458,7252.059757864238,7326.567221129967,293567400
2025-10-10,7351.40283203125,7401.0744727882175,7301.731191274282,7401.0744727882175,107426000
2025-10-13,7276.8955078125,7326.567149504053,7252.059686966724,7252.059686966724,101847900
2025-10-14,7202.38818359375,7301.731468884698,7202.38818359375,7227.2240049164875,151862300
2025-10-15,7202.38818359375,7301.731468884698,7177.552362271013,7202.38818359375,133206400
2025-10-16,7252.0595703125,7276.895390758776,7177.552108973673,7202.387929419949,120611200
